<?xml version="1.0" encoding="UTF-8" standalone="no"?>
<!DOCTYPE properties SYSTEM "http://java.sun.com/dtd/properties.dtd">
<properties>
<comment>AllExtractors</comment>
<entry key="0.info.2">128</entry>
<entry key="1">simple</entry>
<entry key="0.info.1">net.semanticmetadata.lire.aggregators.BOVW</entry>
<entry key="0.info.0">null</entry>
<entry key="0">info</entry>
<entry key="1.detector">detCVSURF</entry>
<entry key="1.codebook.1">SIMPLEdetCVSURFColorHistogramExtactor128</entry>
<entry key="1.extractor">net.semanticmetadata.lire.sampleapp.ColorHistogramExtractor_gloabl</entry>
</properties>
